route_id,service_id,trip_id,trip_headsign,direction_id,wheelchair_accessible
R001,WK,R001WKR055636,Maharaja College,Up,Yes
R001,WK,R001WKL063147,Aluva,Down,Yes
R001,WK,R001WKR070646,Maharaja College,Up,Yes
R001,WK,R001WKL074147,Aluva,Down,Yes
R001,WK,R001WKR082155,Maharaja College,up,Yes
R001,WK,R001WKL085727,Aluva,Down,Yes
R001,WK,R001WKR093226,Maharaja College,up,Yes
R001,WK,R001WKL100727,Aluva,Down,Yes
R001,WK,R001WKR104226,Maharaja College,up,Yes
R001,WK,R001WKL111727,Aluva,Down,Yes
R001,WK,R001WKR115226,Maharaja College,up,Yes
R001,WK,R001WKL122727,Aluva,Down,Yes
R001,WK,R001WKR130226,Maharaja College,up,Yes
R001,WK,R001WKL133727,Aluva,Down,Yes
R001,WK,R001WKR141226,Maharaja College,up,Yes
R001,WK,R001WKL144727,Aluva,Down,Yes
R001,WK,R001WKR152226,Maharaja College,up,Yes
R001,WK,R001WKL155727,Aluva,Down,Yes
R001,WK,R001WKR163226,Maharaja College,up,Yes
R001,WK,R001WKL170727,Aluva,Down,Yes
R001,WK,R001WKR174226,Maharaja College,up,Yes
R001,WK,R001WKL181727,Aluva,Down,Yes
R001,WK,R001WKR185226,Maharaja College,up,Yes
R001,WK,R001WKL192727,Aluva,Down,Yes
R001,WK,R001WKL055639,Aluva,Down,Yes
R001,WK,R001WKR063145,Maharaja College,up,Yes
R001,WK,R001WKL070646,Aluva,Down,Yes
R001,WK,R001WKR074216,Maharaja College,up,Yes
R001,WK,R001WKL081726,Aluva,Down,Yes
R001,WK,R001WKR085655,Maharaja College,up,Yes
R001,WK,R001WKL093226,Aluva,Down,Yes
R001,WK,R001WKR100725,Maharaja College,up,Yes
R001,WK,R001WKL104226,Aluva,Down,Yes
R001,WK,R001WKR111725,Maharaja College,up,Yes
R001,WK,R001WKL115226,Aluva,Down,Yes
R001,WK,R001WKR122725,Maharaja College,up,Yes
R001,WK,R001WKL130226,Aluva,Down,Yes
R001,WK,R001WKR133725,Maharaja College,up,Yes
R001,WK,R001WKL141226,Aluva,Down,Yes
R001,WK,R001WKR144725,Maharaja College,up,Yes
R001,WK,R001WKL152226,Aluva,Down,Yes
R001,WK,R001WKR155725,Maharaja College,up,Yes
R001,WK,R001WKL163226,Aluva,Down,Yes
R001,WK,R001WKR170725,Maharaja College,up,Yes
R001,WK,R001WKL174226,Aluva,Down,Yes
R001,WK,R001WKR181725,Maharaja College,up,Yes
R001,WK,R001WKL185226,Aluva,Down,Yes
R001,WK,R001WKR192725,Maharaja College,up,Yes
R001,WK,R001WKL200226,Aluva,Down,Yes
R001,WK,R001WKL053247,Aluva,Down,Yes
R001,WK,R001WKR061405,Maharaja College,up,Yes
R001,WK,R001WKL064906,Aluva,Down,Yes
R001,WK,R001WKR072016,Maharaja College,up,Yes
R001,WK,R001WKL075536,Aluva,Down,Yes
R001,WK,R001WKR083035,Maharaja College,up,Yes
R001,WK,R001WKL090601,Aluva,Down,Yes
R001,WK,R001WKR094100,Maharaja College,up,Yes
R001,WK,R001WKL101601,Aluva,Down,Yes
R001,WK,R001WKR105100,Maharaja College,up,Yes
R001,WK,R001WKL112601,Aluva,Down,Yes
R001,WK,R001WKR120100,Maharaja College,up,Yes
R001,WK,R001WKL123601,Aluva,Down,Yes
R001,WK,R001WKR131100,Maharaja College,up,Yes
R001,WK,R001WKL134601,Aluva,Down,Yes
R001,WK,R001WKR142100,Maharaja College,up,Yes
R001,WK,R001WKL145601,Aluva,Down,Yes
R001,WK,R001WKR153100,Maharaja College,up,Yes
R001,WK,R001WKL160601,Aluva,Down,Yes
R001,WK,R001WKR164100,Maharaja College,up,Yes
R001,WK,R001WKL171601,Aluva,Down,Yes
R001,WK,R001WKR175100,Maharaja College,up,Yes
R001,WK,R001WKL182601,Aluva,Down,Yes
R001,WK,R001WKR190100,Maharaja College,up,Yes
R001,WK,R001WKL193601,Aluva,Down,Yes
R001,WK,R001WKR200819,Maharaja College,up,Yes
R001,WK,R001WKL204306,Aluva,Down,Yes
R001,WK,R001WKR211222,Maharaja College,up,Yes
R001,WK,R001WKL214826,Aluva,Down,Yes
R001,WK,R001WKR053611,Maharaja College,up,Yes
R001,WK,R001WKL061359,Aluva,Down,Yes
R001,WK,R001WKR064858,Maharaja College,up,Yes
R001,WK,R001WKL072359,Aluva,Down,Yes
R001,WK,R001WKR080128,Maharaja College,up,Yes
R001,WK,R001WKL083709,Aluva,Down,Yes
R001,WK,R001WKR091438,Maharaja College,up,Yes
R001,WK,R001WKL094939,Aluva,Down,Yes
R001,WK,R001WKR102438,Maharaja College,up,Yes
R001,WK,R001WKL105939,Aluva,Down,Yes
R001,WK,R001WKR113438,Maharaja College,up,Yes
R001,WK,R001WKL120939,Aluva,Down,Yes
R001,WK,R001WKR124438,Maharaja College,up,Yes
R001,WK,R001WKL131939,Aluva,Down,Yes
R001,WK,R001WKR135438,Maharaja College,up,Yes
R001,WK,R001WKL142939,Aluva,Down,Yes
R001,WK,R001WKR150438,Maharaja College,up,Yes
R001,WK,R001WKL153939,Aluva,Down,Yes
R001,WK,R001WKR161438,Maharaja College,up,Yes
R001,WK,R001WKL164939,Aluva,Down,Yes
R001,WK,R001WKR172438,Maharaja College,up,Yes
R001,WK,R001WKL175939,Aluva,Down,Yes
R001,WK,R001WKR183438,Maharaja College,up,Yes
R001,WK,R001WKL190939,Aluva,Down,Yes
R001,WK,R001WKR194438,Maharaja College,up,Yes
R001,WK,R001WKL201939,Aluva,Down,Yes
R001,WK,R001WKR205908,Maharaja College,up,Yes
R001,WK,R001WKL213419,Aluva,Down,Yes
R001,WK,R001WKR073240,Maharaja College,up,Yes
R001,WK,R001WKL080727,Aluva,Down,Yes
R001,WK,R001WKR083844,Maharaja College,up,Yes
R001,WK,R001WKL091457,Aluva,Down,Yes
R001,WK,R001WKR094956,Maharaja College,up,Yes
R001,WK,R001WKL102457,Aluva,Down,Yes
R001,WK,R001WKR105956,Maharaja College,up,Yes
R001,WK,R001WKL113457,Aluva,Down,Yes
R001,WK,R001WKR120956,Maharaja College,up,Yes
R001,WK,R001WKL124457,Aluva,Down,Yes
R001,WK,R001WKR131956,Maharaja College,up,Yes
R001,WK,R001WKL135457,Aluva,Down,Yes
R001,WK,R001WKR142956,Maharaja College,up,Yes
R001,WK,R001WKL150457,Aluva,Down,Yes
R001,WK,R001WKR153956,Maharaja College,up,Yes
R001,WK,R001WKL161457,Aluva,Down,Yes
R001,WK,R001WKR164956,Maharaja College,up,Yes
R001,WK,R001WKL172457,Aluva,Down,Yes
R001,WK,R001WKR175956,Maharaja College,up,Yes
R001,WK,R001WKL183457,Aluva,Down,Yes
R001,WK,R001WKR190956,Maharaja College,up,Yes
R001,WK,R001WKL194457,Aluva,Down,Yes
R001,WK,R001WKR201956,Maharaja College,up,Yes
R001,WK,R001WKL205443,Aluva,Down,Yes
R001,WK,R001WKR212701,Maharaja College,up,Yes
R001,WK,R001WKL215649,Aluva,Down,Yes
R001,WK,R001WKR075240,Maharaja College,up,Yes
R001,WK,R001WKL082727,Aluva,Down,Yes
R001,WK,R001WKR090539,Maharaja College,up,Yes
R001,WK,R001WKL094112,Aluva,Down,Yes
R001,WK,R001WKR101611,Maharaja College,up,Yes
R001,WK,R001WKL105112,Aluva,Down,Yes
R001,WK,R001WKR112611,Maharaja College,up,Yes
R001,WK,R001WKL120112,Aluva,Down,Yes
R001,WK,R001WKR123611,Maharaja College,up,Yes
R001,WK,R001WKL131112,Aluva,Down,Yes
R001,WK,R001WKR134611,Maharaja College,up,Yes
R001,WK,R001WKL142112,Aluva,Down,Yes
R001,WK,R001WKR145611,Maharaja College,up,Yes
R001,WK,R001WKL153112,Aluva,Down,Yes
R001,WK,R001WKR160611,Maharaja College,up,Yes
R001,WK,R001WKL164112,Aluva,Down,Yes
R001,WK,R001WKR171611,Maharaja College,up,Yes
R001,WK,R001WKL175112,Aluva,Down,Yes
R001,WK,R001WKR182611,Maharaja College,up,Yes
R001,WK,R001WKL190112,Aluva,Down,Yes
R001,WK,R001WKR193611,Maharaja College,up,Yes
R001,WK,R001WKL201112,Aluva,Down,Yes
R001,WK,R001WKR204526,Maharaja College,up,Yes
R001,WK,R001WKL212037,Aluva,Down,Yes
R001,WK,R001WKR215607,Maharaja College,up,Yes
R001,WK,R001WKR081202,Maharaja College,up,Yes
R001,WK,R001WKL084727,Aluva,Down,Yes
R001,WK,R001WKR092336,Maharaja College,up,Yes
R001,WK,R001WKL095842,Aluva,Down,Yes
R001,WK,R001WKR103341,Maharaja College,up,Yes
R001,WK,R001WKL110842,Aluva,Down,Yes
R001,WK,R001WKR114341,Maharaja College,up,Yes
R001,WK,R001WKL121842,Aluva,Down,Yes
R001,WK,R001WKR125341,Maharaja College,up,Yes
R001,WK,R001WKL132842,Aluva,Down,Yes
R001,WK,R001WKR140341,Maharaja College,up,Yes
R001,WK,R001WKL143842,Aluva,Down,Yes
R001,WK,R001WKR151341,Maharaja College,up,Yes
R001,WK,R001WKL154842,Aluva,Down,Yes
R001,WK,R001WKR162341,Maharaja College,up,Yes
R001,WK,R001WKL165842,Aluva,Down,Yes
R001,WK,R001WKR173341,Maharaja College,up,Yes
R001,WK,R001WKL180842,Aluva,Down,Yes
R001,WK,R001WKR184341,Maharaja College,up,Yes
R001,WK,R001WKL191842,Aluva,Down,Yes
R001,WK,R001WKR195533,Maharaja College,up,Yes
R001,WK,R001WKL203137,Aluva,Down,Yes
R001,WK,R001WKR084855,Maharaja College,up,Yes
R001,WK,R001WKL092342,Aluva,Down,Yes
R001,WK,R001WKR095841,Maharaja College,up,Yes
R001,WK,R001WKL103342,Aluva,Down,Yes
R001,WK,R001WKR110841,Maharaja College,up,Yes
R001,WK,R001WKL114342,Aluva,Down,Yes
R001,WK,R001WKR121841,Maharaja College,up,Yes
R001,WK,R001WKL125342,Aluva,Down,Yes
R001,WK,R001WKR132841,Maharaja College,up,Yes
R001,WK,R001WKL140342,Aluva,Down,Yes
R001,WK,R001WKR143841,Maharaja College,up,Yes
R001,WK,R001WKL151342,Aluva,Down,Yes
R001,WK,R001WKR154841,Maharaja College,up,Yes
R001,WK,R001WKL162342,Aluva,Down,Yes
R001,WK,R001WKR165841,Maharaja College,up,Yes
R001,WK,R001WKL173342,Aluva,Down,Yes
R001,WK,R001WKR180841,Maharaja College,up,Yes
R001,WK,R001WKL184342,Aluva,Down,Yes
R001,WK,R001WKR191841,Maharaja College,up,Yes
R001,WK,R001WKL195342,Aluva,Down,Yes
R001,WK,R001WKR203111,Maharaja College,up,Yes
R001,WK,R001WKL210637,Aluva,Down,Yes
R001,WK,R001WKR214136,Maharaja College,up,Yes
R001,SU,R001SUR075636,Maharaja College,up,Yes
R001,SU,R001SUL083147,Aluva,Down,Yes
R001,SU,R001SUR090646,Maharaja College,up,Yes
R001,SU,R001SUL094147,Aluva,Down,Yes
R001,SU,R001SUR102155,Maharaja College,up,Yes
R001,SU,R001SUL105727,Aluva,Down,Yes
R001,SU,R001SUR113226,Maharaja College,up,Yes
R001,SU,R001SUL120727,Aluva,Down,Yes
R001,SU,R001SUR124226,Maharaja College,up,Yes
R001,SU,R001SUL131727,Aluva,Down,Yes
R001,SU,R001SUR135226,Maharaja College,up,Yes
R001,SU,R001SUL142727,Aluva,Down,Yes
R001,SU,R001SUR150226,Maharaja College,up,Yes
R001,SU,R001SUL153727,Aluva,Down,Yes
R001,SU,R001SUR161226,Maharaja College,up,Yes
R001,SU,R001SUL164727,Aluva,Down,Yes
R001,SU,R001SUR172226,Maharaja College,up,Yes
R001,SU,R001SUL175727,Aluva,Down,Yes
R001,SU,R001SUR183226,Maharaja College,up,Yes
R001,SU,R001SUL190727,Aluva,Down,Yes
R001,SU,R001SUR194418,Maharaja College,up,Yes
R001,SU,R001SUL201939,Aluva,Down,Yes
R001,SU,R001SUR205908,Maharaja College,up,Yes
R001,SU,R001SUL213419,Aluva,Down,Yes
R001,SU,R001SUL075639,Aluva,Down,Yes
R001,SU,R001SUR083145,Maharaja College,up,Yes
R001,SU,R001SUL090646,Aluva,Down,Yes
R001,SU,R001SUR094216,Maharaja College,up,Yes
R001,SU,R001SUL101726,Aluva,Down,Yes
R001,SU,R001SUR105655,Maharaja College,up,Yes
R001,SU,R001SUL113226,Aluva,Down,Yes
R001,SU,R001SUR120725,Maharaja College,up,Yes
R001,SU,R001SUL124226,Aluva,Down,Yes
R001,SU,R001SUR131725,Maharaja College,up,Yes
R001,SU,R001SUL135226,Aluva,Down,Yes
R001,SU,R001SUR142725,Maharaja College,up,Yes
R001,SU,R001SUL150226,Aluva,Down,Yes
R001,SU,R001SUR153725,Maharaja College,up,Yes
R001,SU,R001SUL161226,Aluva,Down,Yes
R001,SU,R001SUR164725,Maharaja College,up,Yes
R001,SU,R001SUL172226,Aluva,Down,Yes
R001,SU,R001SUR175725,Maharaja College,up,Yes
R001,SU,R001SUL183226,Aluva,Down,Yes
R001,SU,R001SUR190725,Maharaja College,up,Yes
R001,SU,R001SUL194423,Aluva,Down,Yes
R001,SU,R001SUR201956,Maharaja College,up,Yes
R001,SU,R001SUL205443,Aluva,Down,Yes
R001,SU,R001SUR212701,Maharaja College,up,Yes
R001,SU,R001SUL215649,Aluva,Down,Yes
R001,SU,R001SUL073247,Aluva,Down,Yes
R001,SU,R001SUR081405,Maharaja College,up,Yes
R001,SU,R001SUL084906,Aluva,Down,Yes
R001,SU,R001SUR092016,Maharaja College,up,Yes
R001,SU,R001SUL095536,Aluva,Down,Yes
R001,SU,R001SUR103035,Maharaja College,up,Yes
R001,SU,R001SUL110601,Aluva,Down,Yes
R001,SU,R001SUR114100,Maharaja College,up,Yes
R001,SU,R001SUL121601,Aluva,Down,Yes
R001,SU,R001SUR125100,Maharaja College,up,Yes
R001,SU,R001SUL132601,Aluva,Down,Yes
R001,SU,R001SUR140100,Maharaja College,up,Yes
R001,SU,R001SUL143601,Aluva,Down,Yes
R001,SU,R001SUR151100,Maharaja College,up,Yes
R001,SU,R001SUL154601,Aluva,Down,Yes
R001,SU,R001SUR162100,Maharaja College,up,Yes
R001,SU,R001SUL165601,Aluva,Down,Yes
R001,SU,R001SUR173100,Maharaja College,up,Yes
R001,SU,R001SUL180601,Aluva,Down,Yes
R001,SU,R001SUR184100,Maharaja College,up,Yes
R001,SU,R001SUL191601,Aluva,Down,Yes
R001,SU,R001SUR195617,Maharaja College,up,Yes
R001,SU,R001SUL203137,Aluva,Down,Yes
R001,SU,R001SUR073611,Maharaja College,up,Yes
R001,SU,R001SUL081359,Aluva,Down,Yes
R001,SU,R001SUR084858,Maharaja College,up,Yes
R001,SU,R001SUL092359,Aluva,Down,Yes
R001,SU,R001SUR100128,Maharaja College,up,Yes
R001,SU,R001SUL103709,Aluva,Down,Yes
R001,SU,R001SUR111438,Maharaja College,up,Yes
R001,SU,R001SUL114939,Aluva,Down,Yes
R001,SU,R001SUR122438,Maharaja College,up,Yes
R001,SU,R001SUL125939,Aluva,Down,Yes
R001,SU,R001SUR133438,Maharaja College,up,Yes
R001,SU,R001SUL140939,Aluva,Down,Yes
R001,SU,R001SUR144438,Maharaja College,up,Yes
R001,SU,R001SUL151939,Aluva,Down,Yes
R001,SU,R001SUR155438,Maharaja College,up,Yes
R001,SU,R001SUL162939,Aluva,Down,Yes
R001,SU,R001SUR170438,Maharaja College,up,Yes
R001,SU,R001SUL173939,Aluva,Down,Yes
R001,SU,R001SUR181438,Maharaja College,up,Yes
R001,SU,R001SUL184939,Aluva,Down,Yes
R001,SU,R001SUR192438,Maharaja College,up,Yes
R001,SU,R001SUL200218,Aluva,Down,Yes
R001,SU,R001SUR093240,Maharaja College,up,Yes
R001,SU,R001SUL100727,Aluva,Down,Yes
R001,SU,R001SUR103844,Maharaja College,up,Yes
R001,SU,R001SUL111457,Aluva,Down,Yes
R001,SU,R001SUR114956,Maharaja College,up,Yes
R001,SU,R001SUL122457,Aluva,Down,Yes
R001,SU,R001SUR125956,Maharaja College,up,Yes
R001,SU,R001SUL133457,Aluva,Down,Yes
R001,SU,R001SUR140956,Maharaja College,up,Yes
R001,SU,R001SUL144457,Aluva,Down,Yes
R001,SU,R001SUR151956,Maharaja College,up,Yes
R001,SU,R001SUL155457,Aluva,Down,Yes
R001,SU,R001SUR162956,Maharaja College,up,Yes
R001,SU,R001SUL170457,Aluva,Down,Yes
R001,SU,R001SUR173956,Maharaja College,up,Yes
R001,SU,R001SUL181457,Aluva,Down,Yes
R001,SU,R001SUR184956,Maharaja College,up,Yes
R001,SU,R001SUL192457,Aluva,Down,Yes
R001,SU,R001SUR095240,Maharaja College,up,Yes
R001,SU,R001SUL102727,Aluva,Down,Yes
R001,SU,R001SUR110539,Maharaja College,up,Yes
R001,SU,R001SUL114112,Aluva,Down,Yes
R001,SU,R001SUR121611,Maharaja College,up,Yes
R001,SU,R001SUL125112,Aluva,Down,Yes
R001,SU,R001SUR132611,Maharaja College,up,Yes
R001,SU,R001SUL140112,Aluva,Down,Yes
R001,SU,R001SUR143611,Maharaja College,up,Yes
R001,SU,R001SUL151112,Aluva,Down,Yes
R001,SU,R001SUR154611,Maharaja College,up,Yes
R001,SU,R001SUL162112,Aluva,Down,Yes
R001,SU,R001SUR165611,Maharaja College,up,Yes
R001,SU,R001SUL173112,Aluva,Down,Yes
R001,SU,R001SUR180611,Maharaja College,up,Yes
R001,SU,R001SUL184112,Aluva,Down,Yes
R001,SU,R001SUR191611,Maharaja College,up,Yes
R001,SU,R001SUL195309,Aluva,Down,Yes
R001,SU,R001SUR203111,Maharaja College,up,Yes
R001,SU,R001SUL210637,Aluva,Down,Yes
R001,SU,R001SUR214136,Maharaja College,up,Yes
R001,SU,R001SUR101202,Maharaja College,up,Yes
R001,SU,R001SUL104727,Aluva,Down,Yes
R001,SU,R001SUR112336,Maharaja College,up,Yes
R001,SU,R001SUL115842,Aluva,Down,Yes
R001,SU,R001SUR123341,Maharaja College,up,Yes
R001,SU,R001SUL130842,Aluva,Down,Yes
R001,SU,R001SUR134341,Maharaja College,up,Yes
R001,SU,R001SUL141842,Aluva,Down,Yes
R001,SU,R001SUR145341,Maharaja College,up,Yes
R001,SU,R001SUL152842,Aluva,Down,Yes
R001,SU,R001SUR160341,Maharaja College,up,Yes
R001,SU,R001SUL163842,Aluva,Down,Yes
R001,SU,R001SUR171341,Maharaja College,up,Yes
R001,SU,R001SUL174842,Aluva,Down,Yes
R001,SU,R001SUR182341,Maharaja College,up,Yes
R001,SU,R001SUL185842,Aluva,Down,Yes
R001,SU,R001SUR193341,Maharaja College,up,Yes
R001,SU,R001SUL201039,Aluva,Down,Yes
R001,SU,R001SUR204526,Maharaja College,up,Yes
R001,SU,R001SUL212037,Aluva,Down,Yes
R001,SU,R001SUR215607,Maharaja College,up,Yes
R001,SU,R001SUR104855,Maharaja College,up,Yes
R001,SU,R001SUL112342,Aluva,Down,Yes
R001,SU,R001SUR115841,Maharaja College,up,Yes
R001,SU,R001SUL123342,Aluva,Down,Yes
R001,SU,R001SUR130841,Maharaja College,up,Yes
R001,SU,R001SUL134342,Aluva,Down,Yes
R001,SU,R001SUR141841,Maharaja College,up,Yes
R001,SU,R001SUL145342,Aluva,Down,Yes
R001,SU,R001SUR152841,Maharaja College,up,Yes
R001,SU,R001SUL160342,Aluva,Down,Yes
R001,SU,R001SUR163841,Maharaja College,up,Yes
R001,SU,R001SUL171342,Aluva,Down,Yes
R001,SU,R001SUR174841,Maharaja College,up,Yes
R001,SU,R001SUL182342,Aluva,Down,Yes
R001,SU,R001SUR185841,Maharaja College,up,Yes
R001,SU,R001SUL193342,Aluva,Down,Yes
R001,SU,R001SUR200801,Maharaja College,up,Yes
R001,SU,R001SUL204306,Aluva,Down,Yes
R001,SU,R001SUR211222,Maharaja College,up,Yes
R001,SU,R001SUL214826,Aluva,Down,Yes
