[
  { "Name": "Dance and Arts Center", "Category": "Arts Centre" },
  { "Name": "Greenix Ventures", "Category": "Arts Centre" },
  { "Name": "St Mary's Convent Auditorium", "Category": "Arts Centre" },
  { "Name": "Art Gallery", "Category": "Artwork" },
  { "Name": "Chavara Statue", "Category": "Artwork" },
  { "Name": "Galley 'c' seven", "Category": "Artwork" },
  { "Name": "Jesus Statue", "Category": "Artwork" },
  { "Name": "OED gallery", "Category": "Artwork" },
  { "Name": "The Bombay Art Society", "Category": "Artwork" },
  { "Name": "Bastion Bungalow", "Category": "Attraction" },
  { "Name": "Bolghatty Palace & Island Resort", "Category": "Attraction" },
  { "Name": "Dutch Palace", "Category": "Attraction" },
  { "Name": "Fort Kochi Jail", "Category": "Attraction" },
  { "Name": "Idili Pura.", "Category": "Attraction" },
  { "Name": "Kashi Art Gallery", "Category": "Attraction" },
  { "Name": "Kochi port", "Category": "Attraction" },
  { "Name": "Kochinbackwaters Boat Club", "Category": "Attraction" },
  { "Name": "Mattancherry Palace", "Category": "Attraction" },
  { "Name": "Multimedia Laser Show", "Category": "Attraction" },
  { "Name": "Afters", "Category": "Bakery" },
  { "Name": "Amigo Stores Bakery & Coolbar", "Category": "Bakery" },
  { "Name": "Ammas", "Category": "Bakery" },
  { "Name": "Anu Bakery", "Category": "Bakery" },
  { "Name": "Bake my day", "Category": "Bakery" },
  { "Name": "Best bakers", "Category": "Bakery" },
  { "Name": "Bread World", "Category": "Bakery" },
  { "Name": "Chaitram", "Category": "Bakery" },
  { "Name": "Chocolate bake house", "Category": "Bakery" },
  { "Name": "Geo bakery", "Category": "Bakery" },
  { "Name": "Jaya's Bakery", "Category": "Bakery" },
  { "Name": "KR Bakery", "Category": "Bakery" },
  { "Name": "Kamala", "Category": "Bakery" },
  { "Name": "Kayees Bakery & Juice Shop", "Category": "Bakery" },
  { "Name": "Kochara Bakery", "Category": "Bakery" },
  { "Name": "Menachery Bakery", "Category": "Bakery" },
  { "Name": "Nasar Bakers", "Category": "Bakery" },
  { "Name": "Navya Bakery", "Category": "Bakery" },
  { "Name": "New Grand Bakery and Sweets", "Category": "Bakery" },
  { "Name": "Paal Ice", "Category": "Bakery" },
  { "Name": "Passage Malabar", "Category": "Bakery" },
  { "Name": "Puthussery", "Category": "Bakery" },
  { "Name": "Royal Bakery", "Category": "Bakery" },
  { "Name": "Shaan Bakery", "Category": "Bakery" },
  { "Name": "Sree Vinayaka Chips and bakery", "Category": "Bakery" },
  { "Name": "Super Bakers", "Category": "Bakery" },
  { "Name": "Taste 'N' See Bakery", "Category": "Bakery" },
  { "Name": "DC Books", "Category": "Bookshop" },
  { "Name": "Deshabhimani Book House", "Category": "Bookshop" },
  { "Name": "H & C Stores", "Category": "Bookshop" },
  { "Name": "Idiom Booksellers", "Category": "Bookshop" },
  { "Name": "Kerala Book House", "Category": "Bookshop" },
  { "Name": "Pai & Co.", "Category": "Bookshop" },
  { "Name": "Sree Lakshmi bazaar", "Category": "Bookshop" },
  { "Name": "lotus books", "Category": "Bookshop" },
  { "Name": "Beach Garden Cafe", "Category": "Cafe" },
  { "Name": "Bhagavathi Cafe", "Category": "Cafe" },
  { "Name": "Burger Hut", "Category": "Cafe" },
  { "Name": "Burger Spot", "Category": "Cafe" },
  { "Name": "Cafe Coffee Day", "Category": "Cafe" },
  { "Name": "Cafe Vasco", "Category": "Cafe" },
  { "Name": "Chaat Corner", "Category": "Cafe" },
  { "Name": "ChaiCofi", "Category": "Cafe" },
  { "Name": "Cocoacraft Chocolate Factory", "Category": "Cafe" },
  { "Name": "Costa Coffee", "Category": "Cafe" },
  { "Name": "Cumbria The Lobby Lounge", "Category": "Cafe" },
  { "Name": "David Hall", "Category": "Cafe" },
  { "Name": "Dessert Mist", "Category": "Cafe" },
  { "Name": "Dhe Kanjikkada", "Category": "Cafe" },
  { "Name": "Elaf Snacks Kitchen", "Category": "Cafe" },
  { "Name": "French Toast", "Category": "Cafe" },
  { "Name": "Friends Cafe", "Category": "Cafe" },
  { "Name": "Indian Coffee House", "Category": "Cafe" },
  { "Name": "Kashi art cafe", "Category": "Cafe" },
  { "Name": "Lassi Shop", "Category": "Cafe" },
  { "Name": "Loafers Corner Cafe", "Category": "Cafe" },
  { "Name": "Mocha art cafe", "Category": "Cafe" },
  { "Name": "Nena's", "Category": "Cafe" },
  { "Name": "Oy's Cafe", "Category": "Cafe" },
  { "Name": "Oys cafe", "Category": "Cafe" },
  { "Name": "Pai's Cool bar", "Category": "Cafe" },
  { "Name": "Scoops Ice Creams & Desserts", "Category": "Cafe" },
  { "Name": "Solar Cafe", "Category": "Cafe" },
  { "Name": "Sridhar Cafe", "Category": "Cafe" },
  { "Name": "Tea Kochi", "Category": "Cafe" },
  { "Name": "Tea Pot", "Category": "Cafe" },
  { "Name": "Waffle House", "Category": "Cafe" },
  { "Name": "milma", "Category": "Cafe" },
  { "Name": "Chemist", "Category": "Chemist" },
  { "Name": "Geekay Drug House", "Category": "Chemist" },
  { "Name": "Adoration Chapel", "Category": "Church" },
  { "Name": "Amalolbhava Matha Church", "Category": "Church" },
  { "Name": "Ashir Bhavan", "Category": "Church" },
  { "Name": "Capuchian Ashram", "Category": "Church" },
  { "Name": "Chavara Kuriakose Memorial Chapel", "Category": "Church" },
  { "Name": "Chitrapuzha Kurishu Palli ", "Category": "Church" },
  { "Name": "Church of God", "Category": "Church" },
  { "Name": "Convent Chapel", "Category": "Church" },
  { "Name": "Don Bosco", "Category": "Church" },
  { "Name": "Dukrana Hall", "Category": "Church" },
  { "Name": "Holy Cross Chapel, Mattancherry Kochi-2", "Category": "Church" },
  { "Name": "Holy Family Church", "Category": "Church" },
  { "Name": "Holy Trinity CSI Church", "Category": "Church" },
  { "Name": "House of Providence Church", "Category": "Church" },
  { "Name": "Kyomtha Chapel, Thiruvankulam", "Category": "Church" },
  { "Name": "Little Flower RC church", "Category": "Church" },
  { "Name": "Lourd Matha Church, Perumanoor", "Category": "Church" },
  { "Name": "Mar Bahanam Yacobite Syrian Church", "Category": "Church" },
  { "Name": "Mar Gregorious Chapel", "Category": "Church" },
  { "Name": "Mary Queen Church", "Category": "Church" },
  {
    "Name": "Mulanthuruthy Mor Thoman Jacobite Syrian Cathedral  Church",
    "Category": "Church"
  },
  { "Name": "Our Lady of Hope Church", "Category": "Church" },
  { "Name": "Our Lady of Life's Church", "Category": "Church" },
  { "Name": "Our Lord of Dolores Church", "Category": "Church" },
  { "Name": "Pentacost Church", "Category": "Church" },
  { "Name": "Poikatussery church", "Category": "Church" },
  { "Name": "Puthenpally New Church", "Category": "Church" },
  { "Name": "Saint Antony's Church", "Category": "Church" },
  { "Name": "Saint Sebastian's church", "Category": "Church" },
  { "Name": "St Augustine Adoration Convent Church", "Category": "Church" },
  { "Name": "St Germains", "Category": "Church" },
  { "Name": "St Joseph'S Church", "Category": "Church" },
  { "Name": "St Mary's Convent", "Category": "Church" },
  { "Name": "St Mary's Sonoro Church", "Category": "Church" },
  { "Name": "St Sebastian Church", "Category": "Church" },
  { "Name": "St. Andrews Parish Hall", "Category": "Church" },
  { "Name": "St. Ann's Church", "Category": "Church" },
  { "Name": "St. Antony's Church", "Category": "Church" },
  { "Name": "St. Augustine's Church", "Category": "Church" },
  { "Name": "St. Francis Assissi Church", "Category": "Church" },
  { "Name": "St. Francis Xavier Church", "Category": "Church" },
  { "Name": "St. George Church, Vennikulam", "Category": "Church" },
  { "Name": "St. George Jacobite Church", "Category": "Church" },
  {
    "Name": "St. George Orthodox Koonan Kurish Old Syrian Church",
    "Category": "Church"
  },
  {
    "Name": "St. George's Catholic Church, Thiruvankulam",
    "Category": "Church"
  },
  { "Name": "St. Jacob Chapel", "Category": "Church" },
  { "Name": "St. Joseph's Church", "Category": "Church" },
  { "Name": "St. Jude Church", "Category": "Church" },
  { "Name": "St. Martin's Church", "Category": "Church" },
  { "Name": "St. Mary's Church", "Category": "Church" },
  { "Name": "St. Mary's Convent Chapel", "Category": "Church" },
  { "Name": "St. Mary's Forane Church", "Category": "Church" },
  { "Name": "St. Michaels Church", "Category": "Church" },
  { "Name": "St. Peters Kizhake Puthen Palli", "Category": "Church" },
  { "Name": "St. Teresa's Monastery Church", "Category": "Church" },
  { "Name": "St. Thomas Church Kottakkavu", "Category": "Church" },
  { "Name": "St.Antony's Church", "Category": "Church" },
  { "Name": "St.Mary's Syrian Orthodox Church", "Category": "Church" },
  {
    "Name": "St.Marys Jacobite Syrian Cathedral Kandanadu",
    "Category": "Church"
  },
  { "Name": "Syrian Church", "Category": "Church" },
  { "Name": "Amity Global Business School", "Category": "College" },
  { "Name": "Amrita School Of Dentistry", "Category": "College" },
  { "Name": "BHavan's Royal Institue of Management", "Category": "College" },
  {
    "Name": "Bharata Mata College of Commerce and Arts",
    "Category": "College"
  },
  { "Name": "Bharata Mata School of Legal Studies", "Category": "College" },
  { "Name": "Government Ayurveda College", "Category": "College" },
  { "Name": "Government ITI", "Category": "College" },
  { "Name": "Govt. Institute of Fashion Design", "Category": "College" },
  { "Name": "INS Venduruthy Parade Ground", "Category": "College" },
  { "Name": "Lakshmi College", "Category": "College" },
  {
    "Name": "Mar Gregorios Abdul Jaleel Arts and Science College",
    "Category": "College"
  },
  { "Name": "Morning Star Home science College", "Category": "College" },
  {
    "Name": "National Institute of Fisheries Post Harvest Technology and Training",
    "Category": "College"
  },
  {
    "Name": "National Institute of Technical Teachers Training and Research Extension Centre",
    "Category": "College"
  },
  {
    "Name": "Naval Institute Of Aeronautical Technology",
    "Category": "College"
  },
  { "Name": "Polytechnic College Kalamaserry", "Category": "College" },
  { "Name": "St Pauls College", "Category": "College" },
  { "Name": "St. Albert's College", "Category": "College" },
  { "Name": "St. Annes College", "Category": "College" },
  { "Name": "St. Joseph College", "Category": "College" },
  { "Name": "St. Thomas College", "Category": "College" },
  { "Name": "Swami Saswathikananda College", "Category": "College" },
  {
    "Name": "Swami Saswathikananda Law College, Poothotta",
    "Category": "College"
  },
  { "Name": "A J Hall", "Category": "Community Centre" },
  { "Name": "Bhaskareeyam Convention Centre", "Category": "Community Centre" },
  { "Name": "Computer shop", "Category": "Community Centre" },
  { "Name": "Gayathri Kalyana Mandapam", "Category": "Community Centre" },
  { "Name": "KMJ Convention Center", "Category": "Community Centre" },
  { "Name": "Kodikuthmala Community Hall", "Category": "Community Centre" },
  { "Name": "Manappatt Centre", "Category": "Community Centre" },
  { "Name": "Mouna Nilayam", "Category": "Community Centre" },
  { "Name": "Nettoor Mahal Auditorium", "Category": "Community Centre" },
  { "Name": "SNDP Union", "Category": "Community Centre" },
  { "Name": "Shangri La Convention Centre", "Category": "Community Centre" },
  { "Name": "St. Francis Xavier Church Hall", "Category": "Community Centre" },
  {
    "Name": "YMCA CAMPSITE International Guest House , Thottumugam , Aluva",
    "Category": "Community Centre"
  },
  { "Name": "Cigarette Shop", "Category": "Convenience" },
  { "Name": "Corner Store", "Category": "Convenience" },
  { "Name": "Kayees Store", "Category": "Convenience" },
  { "Name": "Kerala Civil Supplies Store", "Category": "Convenience" },
  { "Name": "Laboratory Equipment Stores", "Category": "Convenience" },
  { "Name": "Majeed's Store", "Category": "Convenience" },
  { "Name": "Preethi Stores", "Category": "Convenience" },
  { "Name": "bright heritage tower road", "Category": "Convenience" },
  {
    "Name": "Dr. Sreedevi's Multi Speciality Dental Clinic",
    "Category": "Dentist"
  },
  { "Name": "Kiran's Dental Clinic", "Category": "Dentist" },
  { "Name": "Mazhuvanchery", "Category": "Dentist" },
  { "Name": "Modern Dental Clinic", "Category": "Dentist" },
  { "Name": "Soman's Dental Speciality Clinic", "Category": "Dentist" },
  { "Name": "nechupadam dental clinic", "Category": "Dentist" },
  { "Name": "Ayesha", "Category": "Department Store" },
  { "Name": "Castle Home Appliances", "Category": "Department Store" },
  { "Name": "Cooperative Department Store", "Category": "Department Store" },
  { "Name": "Crafters Antique Shop", "Category": "Department Store" },
  { "Name": "Fabindia", "Category": "Department Store" },
  { "Name": "Krishna Deparment Store", "Category": "Department Store" },
  { "Name": "Lulu Celebrate", "Category": "Department Store" },
  { "Name": "Marks & Spencer", "Category": "Department Store" },
  { "Name": "Reliance Digital", "Category": "Department Store" },
  { "Name": "Saravana Mart", "Category": "Department Store" },
  { "Name": "Westside", "Category": "Department Store" },
  {
    "Name": "Ambuja ayurvedic research and documentation",
    "Category": "Doctors"
  },
  { "Name": "Ayurvedic Mediziner", "Category": "Doctors" },
  { "Name": "Gov.Hospital", "Category": "Doctors" },
  { "Name": "Al Falah", "Category": "Fast Food" },
  { "Name": "Anoop's Bakers", "Category": "Fast Food" },
  { "Name": "Asoka Butter Store", "Category": "Fast Food" },
  { "Name": "Bakery & Fruits Juice", "Category": "Fast Food" },
  { "Name": "Bismi Fast Food", "Category": "Fast Food" },
  { "Name": "Brothers Restaurant", "Category": "Fast Food" },
  { "Name": "Burger & More", "Category": "Fast Food" },
  { "Name": "Burger spot", "Category": "Fast Food" },
  { "Name": "Canteen", "Category": "Fast Food" },
  { "Name": "Cloud 7", "Category": "Fast Food" },
  { "Name": "Dominos Pizza", "Category": "Fast Food" },
  { "Name": "Ernakulam District Panchayat Canteen", "Category": "Fast Food" },
  { "Name": "Famous Bakers", "Category": "Fast Food" },
  { "Name": "Govt. canteen", "Category": "Fast Food" },
  { "Name": "Heritage Bakery", "Category": "Fast Food" },
  { "Name": "Hotel Abhirami", "Category": "Fast Food" },
  { "Name": "Hotel Aryaas", "Category": "Fast Food" },
  { "Name": "Hotel Chanus", "Category": "Fast Food" },
  { "Name": "Hotel Denny's", "Category": "Fast Food" },
  { "Name": "Hotel Prabhath", "Category": "Fast Food" },
  { "Name": "K R Bakes", "Category": "Fast Food" },
  { "Name": "KRB", "Category": "Fast Food" },
  { "Name": "Lijo's puttukada", "Category": "Fast Food" },
  { "Name": "Liya Tea Shop", "Category": "Fast Food" },
  { "Name": "Majlis Hotel", "Category": "Fast Food" },
  { "Name": "Manees hotel", "Category": "Fast Food" },
  { "Name": "Matha Hotel and Fast Food", "Category": "Fast Food" },
  { "Name": "McDonald's", "Category": "Fast Food" },
  { "Name": "Mohanan Nair's Kada", "Category": "Fast Food" },
  { "Name": "Nair's puttum paripum", "Category": "Fast Food" },
  { "Name": "Pai Dosa", "Category": "Fast Food" },
  { "Name": "Pizza Hut", "Category": "Fast Food" },
  { "Name": "Punchiri Hotel", "Category": "Fast Food" },
  { "Name": "Puttu kada", "Category": "Fast Food" },
  { "Name": "Rappai's Fast food", "Category": "Fast Food" },
  { "Name": "Sree Yadav Bhel Puri", "Category": "Fast Food" },
  { "Name": "Subway", "Category": "Fast Food" },
  { "Name": "Sulu's Bakers", "Category": "Fast Food" },
  { "Name": "Ustad Hotel", "Category": "Fast Food" },
  { "Name": "Village restaurant", "Category": "Fast Food" },
  { "Name": "Zain Fast Food", "Category": "Fast Food" },
  { "Name": "Zam zam", "Category": "Fast Food" },
  { "Name": "Lakshmi Chappathi Centre", "Category": "Food Court" },
  { "Name": "Royal Bakery and Food Court", "Category": "Food Court" },
  { "Name": "Bharat Petroleum", "Category": "Fuel" },
  { "Name": "Cochin Bottling plant", "Category": "Fuel" },
  { "Name": "Hindustan Petroleum", "Category": "Fuel" },
  { "Name": "Indian Oil", "Category": "Fuel" },
  { "Name": "Jawan Service Center", "Category": "Fuel" },
  { "Name": "Kwality Fuels", "Category": "Fuel" },
  { "Name": "Thathanattu Petro Pump", "Category": "Fuel" },
  { "Name": "Akshaya Hospital, Kadavantra", "Category": "Hospital" },
  { "Name": "Al shifa Hospital", "Category": "Hospital" },
  { "Name": "Ambalamugal Medical Aid Society (AMAS)", "Category": "Hospital" },
  {
    "Name": "COCHIN MEDICAL COLLAGE, ADMINISTRATIVE BLOCK",
    "Category": "Hospital"
  },
  { "Name": "Carmel Hospital", "Category": "Hospital" },
  { "Name": "City Hospital", "Category": "Hospital" },
  { "Name": "Co-operative Hospital", "Category": "Hospital" },
  { "Name": "Dr. Joys' Hospital", "Category": "Hospital" },
  { "Name": "Dr. Raju's Eye Hospital", "Category": "Hospital" },
  { "Name": "ESI Dispensary , Fort Kochi", "Category": "Hospital" },
  {
    "Name": "Ephphatha Softech",
    "Category": "Hospital"
  },
  { "Name": "Evershine Hospital", "Category": "Hospital" },
  { "Name": "Giridhar Eye Institute (GEI)", "Category": "Hospital" },
  { "Name": "Government Ayurveda Hospital", "Category": "Hospital" },
  {
    "Name": "Govt Ayurveda Hospital",
    "Category": "Hospital"
  },
  { "Name": "Govt Homeo Dispensary", "Category": "Hospital" },
  {
    "Name": "Govt Primary Health Center , Sreemoolanagaram.",
    "Category": "Hospital"
  },
  { "Name": "Govt. Ayurvedic Hospital", "Category": "Hospital" },
  { "Name": "Govt. General Hospital", "Category": "Hospital" },
  { "Name": "Guatham Hospital", "Category": "Hospital" },
  { "Name": "KIMS Speciality Hospital", "Category": "Hospital" },
  { "Name": "Kotakkal", "Category": "Hospital" },
  { "Name": "Lakshmi Hospital", "Category": "Hospital" },
  { "Name": "Little Flower", "Category": "Hospital" },
  { "Name": "Little Flower Hospital Pvt Ltd", "Category": "Hospital" },
  { "Name": "M A J Hospital", "Category": "Hospital" },
  { "Name": "Nair's Hospital Kochi", "Category": "Hospital" },
  { "Name": "Najath Hospital", "Category": "Hospital" },
  { "Name": "Naliyath Medical Chamber", "Category": "Hospital" },
  { "Name": "Nettoor Primary Health Center", "Category": "Hospital" },
  { "Name": "Nirmala Hospital", "Category": "Hospital" },
  { "Name": "P.S. Mission Hospital", "Category": "Hospital" },
  { "Name": "PEDIATRIC EMERGENCY ROOM", "Category": "Hospital" },
  { "Name": "PNVM Hospital", "Category": "Hospital" },
  { "Name": "Prana Ayurvedic Centre", "Category": "Hospital" },
  { "Name": "Primary Health Centre", "Category": "Hospital" },
  { "Name": "Primary Health Centre, Poothotta", "Category": "Hospital" },
  { "Name": "Renai Medicity Hospital", "Category": "Hospital" },
  { "Name": "Sarathy Ayurveda Clinic", "Category": "Hospital" },
  { "Name": "Shanthi Hospital", "Category": "Hospital" },
  { "Name": "Sree Lakshmi Hospital", "Category": "Hospital" },
  { "Name": "St. George Hospital", "Category": "Hospital" },
  { "Name": "Sudheendra Hospital", "Category": "Hospital" },
  { "Name": "Sunrise Hospital", "Category": "Hospital" },
  { "Name": "Thaqdees", "Category": "Hospital" },
  { "Name": "The Touch Aesthetic Medical Clinic", "Category": "Hospital" },
  { "Name": "Top Most - 24hr Hospital", "Category": "Hospital" },
  { "Name": "Varma Hospital", "Category": "Hospital" },
  { "Name": "Vasan Eye Care Hospital", "Category": "Hospital" },
  { "Name": "Abrahams Villa", "Category": "Hostel" },
  { "Name": "Alakananda", "Category": "Hostel" },
  { "Name": "Aroma Home Stay", "Category": "Hostel" },
  { "Name": "Dream Paradise Hostel", "Category": "Hostel" },
  { "Name": "El casa", "Category": "Hostel" },
  { "Name": "Grand Hostel", "Category": "Hostel" },
  { "Name": "Hostel Flutterby", "Category": "Hostel" },
  { "Name": "Kevin's Placid Homestay", "Category": "Hostel" },
  { "Name": "Panikanthara apartments", "Category": "Hostel" },
  { "Name": "Rampart Home Stay", "Category": "Hostel" },
  { "Name": "Tantraa homestay", "Category": "Hostel" },
  { "Name": "The Sand Castle", "Category": "Hostel" },
  { "Name": "Tree loft", "Category": "Hostel" },
  { "Name": "Vimalalayam", "Category": "Hostel" },
  { "Name": "YMCA", "Category": "Hostel" },
  { "Name": "YWCA", "Category": "Hostel" },
  { "Name": "Yoga Inn Art Hostel", "Category": "Hostel" },
  { "Name": "ALDOS ARK HOME STAY", "Category": "Hotel" },
  { "Name": "Abad Airport Hotel", "Category": "Hotel" },
  { "Name": "Abad Pepper Route", "Category": "Hotel" },
  { "Name": "Accardia Residency", "Category": "Hotel" },
  { "Name": "Adam's Old Inn", "Category": "Hotel" },
  { "Name": "Alankar Elite Inns and Hotels", "Category": "Hotel" },
  { "Name": "Alappat Regency", "Category": "Hotel" },
  { "Name": "Aura One Hotel Kochi", "Category": "Hotel" },
  { "Name": "BTH SAROVARAM", "Category": "Hotel" },
  { "Name": "Backpackers Inn", "Category": "Hotel" },
  { "Name": "Ballard Bungalow Heritage Hotel", "Category": "Hotel" },
  { "Name": "Beach Valley", "Category": "Hotel" },
  { "Name": "Beaumonde The Fern", "Category": "Hotel" },
  { "Name": "Beena Homestay", "Category": "Hotel" },
  { "Name": "Bernard Bungalow", "Category": "Hotel" },
  { "Name": "Bharat Hotel", "Category": "Hotel" },
  { "Name": "Bjiu Tourist Home", "Category": "Hotel" },
  { "Name": "Bright Heritage", "Category": "Hotel" },
  { "Name": "Caza Maria", "Category": "Hotel" },
  { "Name": "Chack Inn Home Stay", "Category": "Hotel" },
  { "Name": "Cherai Beach Resorts", "Category": "Hotel" },
  { "Name": "Cherai Tourist Home", "Category": "Hotel" },
  { "Name": "Chiramel Residency", "Category": "Hotel" },
  { "Name": "ChristVille Home Stay", "Category": "Hotel" },
  { "Name": "Costa Gama Homestay", "Category": "Hotel" },
  { "Name": "Crowne Plaza", "Category": "Hotel" },
  { "Name": "Diana Heights", "Category": "Hotel" },
  { "Name": "Dwaraka Hotel", "Category": "Hotel" },
  { "Name": "Edassery Group Resorts", "Category": "Hotel" },
  { "Name": "Edassery village", "Category": "Hotel" },
  { "Name": "Eighth Bastion", "Category": "Hotel" },
  { "Name": "Elite Hotel", "Category": "Hotel" },
  { "Name": "Everest Tourist Home", "Category": "Hotel" },
  { "Name": "Excellency", "Category": "Hotel" },
  { "Name": "Flora Airport Hotel", "Category": "Hotel" },
  { "Name": "Fort Castle Hotel", "Category": "Hotel" },
  { "Name": "Fort House Hotel", "Category": "Hotel" },
  { "Name": "Fort Inn", "Category": "Hotel" },
  { "Name": "Fort Kitchen", "Category": "Hotel" },
  { "Name": "Fort Muziris", "Category": "Hotel" },
  { "Name": "Gama Heritage Residency", "Category": "Hotel" },
  { "Name": "Gokulam Park Inn", "Category": "Hotel" },
  { "Name": "Gopika Residency", "Category": "Hotel" },
  { "Name": "Grand Hotel", "Category": "Hotel" },
  { "Name": "Hotel Airlink Castle", "Category": "Hotel" },
  { "Name": "Hotel Arches", "Category": "Hotel" },
  { "Name": "Hotel Broad Bean", "Category": "Hotel" },
  { "Name": "Hotel Fort Manor", "Category": "Hotel" },
  { "Name": "Hotel Luciya", "Category": "Hotel" },
  { "Name": "Hotel Park Residency", "Category": "Hotel" },
  { "Name": "Hotel Periyar", "Category": "Hotel" },
  { "Name": "Hotel Presidency", "Category": "Hotel" },
  { "Name": "Hotel Taj Residency", "Category": "Hotel" },
  { "Name": "IMA House", "Category": "Hotel" },
  { "Name": "Ideal Residency", "Category": "Hotel" },
  { "Name": "Johns Recidency", "Category": "Hotel" },
  { "Name": "Koder House", "Category": "Hotel" },
  { "Name": "Le Meridien", "Category": "Hotel" },
  { "Name": "Les 3 phants", "Category": "Hotel" },
  { "Name": "Lotus8", "Category": "Hotel" },
  { "Name": "Madaparambil", "Category": "Hotel" },
  { "Name": "Malabar House", "Category": "Hotel" },
  { "Name": "Manjooran", "Category": "Hotel" },
  { "Name": "Michaela Homestay", "Category": "Hotel" },
  { "Name": "Old Lighthouse Bristow's Hotel", "Category": "Hotel" },
  { "Name": "Palaaram (Kakkanad)", "Category": "Hotel" },
  { "Name": "Paravur Tourist Home(PTH)", "Category": "Hotel" },
  { "Name": "Peirce Leslie Bunglow / Tower House", "Category": "Hotel" },
  { "Name": "Princess Inn", "Category": "Hotel" },
  { "Name": "Puthumana", "Category": "Hotel" },
  { "Name": "Radisson Blu", "Category": "Hotel" },
  { "Name": "Raintree Lodge", "Category": "Hotel" },
  { "Name": "Rajnagari", "Category": "Hotel" },
  { "Name": "Royal Lakshadweep", "Category": "Hotel" },
  { "Name": "SM Regency", "Category": "Hotel" },
  { "Name": "SPICEHOLIDAYS (Homestay)", "Category": "Hotel" },
  { "Name": "Saas Tower", "Category": "Hotel" },
  { "Name": "Saj Home Stay", "Category": "Hotel" },
  { "Name": "Santa Cruz", "Category": "Hotel" },
  { "Name": "Sapphir Tourist Home", "Category": "Hotel" },
  { "Name": "Sea Hut Homestay", "Category": "Hotel" },
  { "Name": "Seagull", "Category": "Hotel" },
  { "Name": "Sealord", "Category": "Hotel" },
  { "Name": "Shaziya", "Category": "Hotel" },
  { "Name": "Sooraj", "Category": "Hotel" },
  { "Name": "Spice Fort", "Category": "Hotel" },
  { "Name": "Sreelakam Residency", "Category": "Hotel" },
  { "Name": "Taj Malabar Hotel", "Category": "Hotel" },
  { "Name": "Tea Bungalow", "Category": "Hotel" },
  { "Name": "The Bungalow Heritage Homestay", "Category": "Hotel" },
  { "Name": "The International", "Category": "Hotel" },
  { "Name": "The Old Courtyard Hotel", "Category": "Hotel" },
  { "Name": "The Poovath Heritage", "Category": "Hotel" },
  { "Name": "The Taste of India", "Category": "Hotel" },
  { "Name": "Tibet Homestay", "Category": "Hotel" },
  { "Name": "Toms Old Mansion", "Category": "Hotel" },
  { "Name": "Villa Grace", "Category": "Hotel" },
  { "Name": "Villa Vista", "Category": "Hotel" },
  { "Name": "Vintage Inn", "Category": "Hotel" },
  { "Name": "White Rose", "Category": "Hotel" },
  { "Name": "XL Homestay", "Category": "Hotel" },
  { "Name": "al maray", "Category": "Hotel" },
  { "Name": "hotel Mezban", "Category": "Hotel" },
  { "Name": "mariya", "Category": "Hotel" },
  { "Name": "periyar restorent", "Category": "Hotel" },
  { "Name": "pulikkalbay", "Category": "Hotel" },
  { "Name": "slice of spice", "Category": "Hotel" },
  { "Name": "the center hotel", "Category": "Hotel" },
  { "Name": "Amrita School Of Nursing", "Category": "Kindergarten" },
  { "Name": "Anganavaadi crush no 8", "Category": "Kindergarten" },
  { "Name": "Sanskriti College", "Category": "Kindergarten" },
  { "Name": "amrita Technologies", "Category": "Kindergarten" },
  { "Name": "AKG Library", "Category": "Library" },
  { "Name": "Eloor Lending Library", "Category": "Library" },
  {
    "Name": "George master memmorial Reading room & Public Library",
    "Category": "Library"
  },
  {
    "Name": "George master memmorial Reading room & Public library",
    "Category": "Library"
  },
  { "Name": "Library", "Category": "Library" },
  { "Name": "Library and reading room", "Category": "Library" },
  {
    "Name": "Sree Saraswath Association Public Library",
    "Category": "Library"
  },
  { "Name": "University Library", "Category": "Library" },
  { "Name": "Y. N. P. Trust Public Library", "Category": "Library" },
  { "Name": "library", "Category": "Library" },
  { "Name": "paravur district court law Library", "Category": "Library" },
  { "Name": "paravur district court law library", "Category": "Library" },
  { "Name": "Gold Souke Grande", "Category": "Mall" },
  { "Name": "Holy Tuesday Shopping Mall", "Category": "Mall" },
  { "Name": "Penta Menaka", "Category": "Mall" },
  { "Name": "Dredger Anchor", "Category": "Memorial" },
  { "Name": "K Karunakaran Statue", "Category": "Memorial" },
  { "Name": "Steam Boilers", "Category": "Memorial" },
  { "Name": "parakkadavu block office", "Category": "Memorial" },
  { "Name": "Dutch cemetery", "Category": "Monument" },
  { "Name": "Kovil Homestay", "Category": "Monument" },
  { "Name": "hindu tample", "Category": "Monument" },
  { "Name": "ASHM Sait Juma Masjid", "Category": "Mosque" },
  { "Name": "Al Hilal Juma Masjid", "Category": "Mosque" },
  { "Name": "Arafa Masjid", "Category": "Mosque" },
  { "Name": "Chembittapally Juma Mosque", "Category": "Mosque" },
  { "Name": "Cheranalloor Masjid", "Category": "Mosque" },
  { "Name": "Edapally Mahal Juma Masjid", "Category": "Mosque" },
  { "Name": "Juma Masjid", "Category": "Mosque" },
  { "Name": "Kangarapady Mosque", "Category": "Mosque" },
  { "Name": "Karukappilly Juma Masjid", "Category": "Mosque" },
  { "Name": "Kodikuthmala Juma Masjid", "Category": "Mosque" },
  { "Name": "Maliakkapady Juma Masjid", "Category": "Mosque" },
  { "Name": "Masjid Ijabah", "Category": "Mosque" },
  { "Name": "Muhiyudheen Juma Masijid", "Category": "Mosque" },
  { "Name": "Njalakam Juma Masjid", "Category": "Mosque" },
  { "Name": "Salafi Juma Masjid", "Category": "Mosque" },
  { "Name": "Thottakattupady Mosque", "Category": "Mosque" },
  { "Name": "Thottathumpadi Juma Masjid", "Category": "Mosque" },
  { "Name": "Hotel malabar inn", "Category": "Motel" },
  { "Name": "J. J. Inn", "Category": "Motel" },
  { "Name": "Muthoot Hotel", "Category": "Motel" },
  { "Name": "Royal Residency", "Category": "Motel" },
  { "Name": "CMC History and art Museum", "Category": "Museum" },
  { "Name": "Indo-Portuguese Museum", "Category": "Museum" },
  { "Name": "Kerala Folklore Museum", "Category": "Museum" },
  { "Name": "Museum Of Kerala History", "Category": "Museum" },
  { "Name": "Police Museum", "Category": "Museum" },
  { "Name": "SNC Maritime Museum", "Category": "Museum" },
  { "Name": "Sahodaran Ayappan Museum", "Category": "Museum" },
  { "Name": "Thripunitra Hill Palace", "Category": "Museum" },
  { "Name": "Deer Park - Hill Palace", "Category": "Park" },
  { "Name": "Nehru Childrens Park", "Category": "Park" },
  { "Name": "Central Police Station", "Category": "Police" },
  { "Name": "Cerebtec Technologies pvt.ltd", "Category": "Police" },
  { "Name": "Customs", "Category": "Police" },
  { "Name": "ET North Cusba Police Station", "Category": "Police" },
  { "Name": "Ernakulam Rural DSP office", "Category": "Police" },
  { "Name": "Fort Cochi police station", "Category": "Police" },
  { "Name": "HILL PALACE POLICE CAMP", "Category": "Police" },
  { "Name": "Janamythri Police Station, Kadavantra", "Category": "Police" },
  { "Name": "Kalamassery Police Station", "Category": "Police" },
  { "Name": "Kerala Railway Police Station", "Category": "Police" },
  { "Name": "Nedumbassery Police Station", "Category": "Police" },
  { "Name": "Palarivattom Police Station", "Category": "Police" },
  { "Name": "Pallipuram Police Station", "Category": "Police" },
  { "Name": "Police Aid Post", "Category": "Police" },
  { "Name": "Police Signal Control", "Category": "Police" },
  { "Name": "Police Station", "Category": "Police" },
  { "Name": "highway police k-24 n paravur", "Category": "Police" },
  { "Name": "office of circle inspector of police", "Category": "Police" },
  { "Name": "Thiruvankulam Post Office", "Category": "Post Box" },
  { "Name": "Athani Post Office", "Category": "Post Office" },
  { "Name": "Chengamanad Post Office", "Category": "Post Office" },
  { "Name": "Cherlai Post office", "Category": "Post Office" },
  { "Name": "College Ground Post Office", "Category": "Post Office" },
  { "Name": "Ernakulam Head Post Office", "Category": "Post Office" },
  { "Name": "Ernakulam North Post Office", "Category": "Post Office" },
  { "Name": "Fort Cochin Post Office", "Category": "Post Office" },
  { "Name": "High Court Post Office", "Category": "Post Office" },
  { "Name": "Kadavanthra Post Office (Sub Office)", "Category": "Post Office" },
  { "Name": "Kakkanad", "Category": "Post Office" },
  { "Name": "Kumbalam PO", "Category": "Post Office" },
  { "Name": "Marampally Post Office", "Category": "Post Office" },
  { "Name": "Matsyapuri Post Office", "Category": "Post Office" },
  { "Name": "Mattancherry Post Office", "Category": "Post Office" },
  { "Name": "Naval Base Post Office", "Category": "Post Office" },
  { "Name": "North Paravur Market Post Office", "Category": "Post Office" },
  { "Name": "Paravur Town", "Category": "Post Office" },
  { "Name": "Post Office Kakkanad", "Category": "Post Office" },
  { "Name": "Professional Couriers", "Category": "Post Office" },
  { "Name": "Rajagiri Post Office", "Category": "Post Office" },
  { "Name": "Thottakkattukara P.O.", "Category": "Post Office" },
  { "Name": "Uliyannoor Post Office", "Category": "Post Office" },
  { "Name": "padamugal", "Category": "Post Office" },
  { "Name": "uc college", "Category": "Post Office" },
  { "Name": "Divine", "Category": "Pub" },
  { "Name": "HOTEL ZENANA (BAR)", "Category": "Pub" },
  { "Name": "Hotel Cochin Fort", "Category": "Pub" },
  { "Name": "Joyes Bar", "Category": "Pub" },
  { "Name": "Kottavathil Tourist home", "Category": "Pub" },
  { "Name": "Lotus Club", "Category": "Pub" },
  { "Name": "Mermaid Inn", "Category": "Pub" },
  { "Name": "Periyar Club", "Category": "Pub" },
  { "Name": "Rama Varma Club", "Category": "Pub" },
  { "Name": "Sareena Cool Bar", "Category": "Pub" },
  { "Name": "Seagate Bar & Restaurant", "Category": "Pub" },
  { "Name": "XL Hotel", "Category": "Pub" },
  { "Name": "Government Press", "Category": "Public Building" },
  { "Name": "Village Office", "Category": "Public Building" },
  { "Name": "Aadaminte Chayakkada", "Category": "Restaurant" },
  { "Name": "Al-Maray", "Category": "Restaurant" },
  { "Name": "Ali Baba & 41 Dishes", "Category": "Restaurant" },
  { "Name": "Ali Baba Restaurants", "Category": "Restaurant" },
  { "Name": "Alibaba & 41 Dishes", "Category": "Restaurant" },
  { "Name": "Alishan Restaurant", "Category": "Restaurant" },
  { "Name": "Ambatt Restaurant", "Category": "Restaurant" },
  { "Name": "Amma", "Category": "Restaurant" },
  { "Name": "Anandhas veg", "Category": "Restaurant" },
  { "Name": "Annapurna", "Category": "Restaurant" },
  { "Name": "Anugraha Restuarant", "Category": "Restaurant" },
  { "Name": "Appu Aur Pappu", "Category": "Restaurant" },
  { "Name": "Arabian Fil Fil", "Category": "Restaurant" },
  { "Name": "Arabian Grill", "Category": "Restaurant" },
  { "Name": "Aruvi Natural Restaurant", "Category": "Restaurant" },
  { "Name": "Aruvi Restaurant", "Category": "Restaurant" },
  { "Name": "Arya Bhavan", "Category": "Restaurant" },
  { "Name": "Aryas", "Category": "Restaurant" },
  { "Name": "Ashok Bhavan", "Category": "Restaurant" },
  { "Name": "Atharva", "Category": "Restaurant" },
  { "Name": "Atlanta Cafe n restaurant", "Category": "Restaurant" },
  { "Name": "B for Biryani Kochi.", "Category": "Restaurant" },
  { "Name": "Balaji Restaurant", "Category": "Restaurant" },
  { "Name": "Balos Restaurant", "Category": "Restaurant" },
  { "Name": "Bambino Restaurant", "Category": "Restaurant" },
  { "Name": "Barbeque Nation", "Category": "Restaurant" },
  { "Name": "Beeranikka", "Category": "Restaurant" },
  { "Name": "Beit Chabad ", "Category": "Restaurant" },
  { "Name": "Beith Hotel", "Category": "Restaurant" },
  {
    "Name": "Bimbi's Pure Vegetarian Hotel & Sweets",
    "Category": "Restaurant"
  },
  { "Name": "Bimbis", "Category": "Restaurant" },
  { "Name": "Biriyani Hut", "Category": "Restaurant" },
  { "Name": "Bluemoon Hotel", "Category": "Restaurant" },
  { "Name": "Brindavan", "Category": "Restaurant" },
  { "Name": "Brindavan Restaurant", "Category": "Restaurant" },
  { "Name": "Cafe Cuba", "Category": "Restaurant" },
  { "Name": "Carnival Food Court", "Category": "Restaurant" },
  { "Name": "Casa Linda", "Category": "Restaurant" },
  { "Name": "Chariot Restaurant", "Category": "Restaurant" },
  { "Name": "Chic King", "Category": "Restaurant" },
  { "Name": "Chicago Revolving Restaurant", "Category": "Restaurant" },
  { "Name": "Chilli Restaurant", "Category": "Restaurant" },
  { "Name": "Chillies", "Category": "Restaurant" },
  { "Name": "Chiyang", "Category": "Restaurant" },
  { "Name": "Chopstick Thai", "Category": "Restaurant" },
  { "Name": "Chunkam Restaurant", "Category": "Restaurant" },
  { "Name": "Cinema Cafe", "Category": "Restaurant" },
  { "Name": "Cinnamon", "Category": "Restaurant" },
  { "Name": "City Light", "Category": "Restaurant" },
  { "Name": "Colombo", "Category": "Restaurant" },
  { "Name": "Container Cafe", "Category": "Restaurant" },
  { "Name": "Cook your fish", "Category": "Restaurant" },
  { "Name": "Cuba Cafe", "Category": "Restaurant" },
  { "Name": "Dal Roti", "Category": "Restaurant" },
  { "Name": "De-Paris", "Category": "Restaurant" },
  { "Name": "Dhe Puttu", "Category": "Restaurant" },
  { "Name": "Domino's", "Category": "Restaurant" },
  { "Name": "Dominos", "Category": "Restaurant" },
  { "Name": "Dosa Hub Restaurant", "Category": "Restaurant" },
  { "Name": "East Indies", "Category": "Restaurant" },
  { "Name": "Eat'n'Pack", "Category": "Restaurant" },
  { "Name": "Engineers Mess", "Category": "Restaurant" },
  { "Name": "Enkay Restaurant", "Category": "Restaurant" },
  { "Name": "Erivum Puliyum", "Category": "Restaurant" },
  { "Name": "Febina", "Category": "Restaurant" },
  { "Name": "Fish n Chips", "Category": "Restaurant" },
  { "Name": "Food Court", "Category": "Restaurant" },
  { "Name": "French Toast Cafe", "Category": "Restaurant" },
  { "Name": "Frys", "Category": "Restaurant" },
  { "Name": "Fusion Bay", "Category": "Restaurant" },
  { "Name": "Gausiya", "Category": "Restaurant" },
  { "Name": "Ginger House Restaurant", "Category": "Restaurant" },
  { "Name": "Gokul Ootupura", "Category": "Restaurant" },
  { "Name": "Golden Fork", "Category": "Restaurant" },
  { "Name": "Hotel A1", "Category": "Restaurant" },
  { "Name": "Hotel Classic", "Category": "Restaurant" },
  { "Name": "Hotel Cochin Fort Fish Restaurant", "Category": "Restaurant" },
  { "Name": "Hotel Lucky Star", "Category": "Restaurant" },
  { "Name": "Hotel Moms Kitchen", "Category": "Restaurant" },
  { "Name": "Hotel Paradise", "Category": "Restaurant" },
  { "Name": "Hotel Raghavendra", "Category": "Restaurant" },
  { "Name": "Hotel Sagar", "Category": "Restaurant" },
  { "Name": "Hotel Saraswathy Bhavan", "Category": "Restaurant" },
  { "Name": "Hotel Saravana Bhavan", "Category": "Restaurant" },
  { "Name": "Ice Cream Parlour", "Category": "Restaurant" },
  { "Name": "Iftar", "Category": "Restaurant" },
  { "Name": "Indian Coffee House Angamaly", "Category": "Restaurant" },
  { "Name": "KFC", "Category": "Restaurant" },
  { "Name": "KR Bakes", "Category": "Restaurant" },
  { "Name": "Kalancherry retreat", "Category": "Restaurant" },
  { "Name": "Kalavara Hotel", "Category": "Restaurant" },
  { "Name": "Kalyan Restaurant", "Category": "Restaurant" },
  { "Name": "Kavitha Hotel", "Category": "Restaurant" },
  { "Name": "Kayees Biryani, Mattancherry", "Category": "Restaurant" },
  { "Name": "Kerala Cafe", "Category": "Restaurant" },
  { "Name": "Khrisna Kripa Seafood", "Category": "Restaurant" },
  { "Name": "Khubuz", "Category": "Restaurant" },
  { "Name": "Khyber Restaurant", "Category": "Restaurant" },
  { "Name": "Kudumba Sree Canteen", "Category": "Restaurant" },
  { "Name": "Kunnpuram", "Category": "Restaurant" },
  { "Name": "Kushi Cafe", "Category": "Restaurant" },
  { "Name": "Lakshmi Hotel", "Category": "Restaurant" },
  { "Name": "Le Bakes", "Category": "Restaurant" },
  { "Name": "Le Jardin Secret", "Category": "Restaurant" },
  { "Name": "Lilliput", "Category": "Restaurant" },
  { "Name": "Luciya's Food court", "Category": "Restaurant" },
  { "Name": "Madras Cafe", "Category": "Restaurant" },
  { "Name": "Malabar Cafe", "Category": "Restaurant" },
  { "Name": "Malabar Plaza", "Category": "Restaurant" },
  { "Name": "Malabar Restaurant Athani", "Category": "Restaurant" },
  { "Name": "Mary's Kitchen", "Category": "Restaurant" },
  { "Name": "Mash Resto-Cafe", "Category": "Restaurant" },
  { "Name": "Mellow Manna", "Category": "Restaurant" },
  { "Name": "Menorah Restaurant", "Category": "Restaurant" },
  { "Name": "Milma Canteen", "Category": "Restaurant" },
  { "Name": "Naturals", "Category": "Restaurant" },
  { "Name": "Nila Restaurant", "Category": "Restaurant" },
  { "Name": "Oceanos", "Category": "Restaurant" },
  { "Name": "Open Flame Restaurant", "Category": "Restaurant" },
  { "Name": "Orchid the Elite Garden Restaurant", "Category": "Restaurant" },
  { "Name": "Palaaram", "Category": "Restaurant" },
  { "Name": "Pappada vada", "Category": "Restaurant" },
  { "Name": "Pepper House", "Category": "Restaurant" },
  { "Name": "Pizza Italia", "Category": "Restaurant" },
  { "Name": "Prana Restaurant", "Category": "Restaurant" },
  { "Name": "Punjab House", "Category": "Restaurant" },
  { "Name": "Rahmaniya Kethals Chicken", "Category": "Restaurant" },
  { "Name": "Raintree Restaurant", "Category": "Restaurant" },
  { "Name": "Rangeela Family Restaurant Vegetarian", "Category": "Restaurant" },
  { "Name": "Rangoli", "Category": "Restaurant" },
  { "Name": "Real Arabia", "Category": "Restaurant" },
  { "Name": "Restaurant Ela", "Category": "Restaurant" },
  { "Name": "Rolexio", "Category": "Restaurant" },
  { "Name": "Rose Garden", "Category": "Restaurant" },
  { "Name": "Saffire Restaurant", "Category": "Restaurant" },
  { "Name": "Salala bakery", "Category": "Restaurant" },
  { "Name": "Salt and Pepper", "Category": "Restaurant" },
  { "Name": "Sanam", "Category": "Restaurant" },
  { "Name": "Sardarji ka Daba", "Category": "Restaurant" },
  { "Name": "Sarovaram", "Category": "Restaurant" },
  { "Name": "Seapark", "Category": "Restaurant" },
  { "Name": "Shala", "Category": "Restaurant" },
  { "Name": "Shantilal Sweet store", "Category": "Restaurant" },
  { "Name": "Shapotel", "Category": "Restaurant" },
  { "Name": "Sidra Pristine", "Category": "Restaurant" },
  { "Name": "Slice of Spice Restaurant", "Category": "Restaurant" },
  { "Name": "Spice Root Restaurant", "Category": "Restaurant" },
  { "Name": "Sree Balaji Vegetarian Restaurant", "Category": "Restaurant" },
  { "Name": "Sree Ganesha Restaurant", "Category": "Restaurant" },
  { "Name": "Sri Krishna inn", "Category": "Restaurant" },
  { "Name": "Sukh Sagar", "Category": "Restaurant" },
  { "Name": "Surya Kudumbasree", "Category": "Restaurant" },
  { "Name": "Sutra", "Category": "Restaurant" },
  { "Name": "Taj Mahal", "Category": "Restaurant" },
  { "Name": "Talk of the Town", "Category": "Restaurant" },
  { "Name": "Tandoor", "Category": "Restaurant" },
  { "Name": "Thai Soul", "Category": "Restaurant" },
  { "Name": "Thalassery Adukkala", "Category": "Restaurant" },
  { "Name": "The Chillax", "Category": "Restaurant" },
  { "Name": "The Drawing Room", "Category": "Restaurant" },
  { "Name": "The Malabar Junction", "Category": "Restaurant" },
  { "Name": "The Renai", "Category": "Restaurant" },
  { "Name": "The Tibet Kitchen", "Category": "Restaurant" },
  { "Name": "Tibetan Chef's Restaurant", "Category": "Restaurant" },
  { "Name": "Udupi Hotel", "Category": "Restaurant" },
  { "Name": "Ummi's", "Category": "Restaurant" },
  { "Name": "Uncle's restaurant", "Category": "Restaurant" },
  { "Name": "Upstairs Italian Restaurant", "Category": "Restaurant" },
  { "Name": "Vadakkans", "Category": "Restaurant" },
  { "Name": "Vegetarian Restaurant", "Category": "Restaurant" },
  { "Name": "Zaina Bakery", "Category": "Restaurant" },
  { "Name": "dosa and pancakes", "Category": "Restaurant" },
  { "Name": "east India cafe", "Category": "Restaurant" },
  { "Name": "spice shop GMS", "Category": "Restaurant" },
  { "Name": "Fort Immanuel", "Category": "Ruins" },
  { "Name": "Bharath Matha College", "Category": "School" },
  { "Name": "Bhavana Nursery School and Daycare", "Category": "School" },
  { "Name": "Bhavans Adarsha Vidyalaya", "Category": "School" },
  { "Name": "C.K.C.G.H.S, Ponnurunni", "Category": "School" },
  { "Name": "C.K.C.L.P.S., Ponnurunni", "Category": "School" },
  { "Name": "Chavara Special School", "Category": "School" },
  { "Name": "Cochin College", "Category": "School" },
  { "Name": "Depaul", "Category": "School" },
  { "Name": "Edavanakad UP School", "Category": "School" },
  { "Name": "Euro Tech Maritime Academy", "Category": "School" },
  { "Name": "Fatima Girls High School", "Category": "School" },
  { "Name": "Georgian Academy School", "Category": "School" },
  { "Name": "German Metropolitan International School", "Category": "School" },
  { "Name": "Government Boys Higher Secondary School", "Category": "School" },
  { "Name": "Government lower primary school", "Category": "School" },
  { "Name": "Govt HSS, Kongorpilly", "Category": "School" },
  { "Name": "Govt LP School", "Category": "School" },
  { "Name": "Govt. Law College", "Category": "School" },
  { "Name": "Greets Public School", "Category": "School" },
  { "Name": "Holy Ghost Convent Girls High School", "Category": "School" },
  { "Name": "Jerly Sir Tution Center", "Category": "School" },
  { "Name": "KMUP School Eroor", "Category": "School" },
  { "Name": "KPM High School", "Category": "School" },
  {
    "Name": "KPMHSS - Kshetra Praveshana Memorial Higher Seconday School, Poothotta",
    "Category": "School"
  },
  { "Name": "Kochi Refinery School Ground", "Category": "School" },
  { "Name": "Little Angels Play School", "Category": "School" },
  { "Name": "Little Flower UP School", "Category": "School" },
  { "Name": "MES Eastern school", "Category": "School" },
  { "Name": "Mahatma Gandhi Public School", "Category": "School" },
  { "Name": "Next Education India", "Category": "School" },
  { "Name": "Pius High School For Girls", "Category": "School" },
  { "Name": "Poikatussery School", "Category": "School" },
  { "Name": "Raghava Panicker Memorial High School", "Category": "School" },
  { "Name": "Rajagiri College of Social Sciences", "Category": "School" },
  { "Name": "Rajagiri Convent", "Category": "School" },
  { "Name": "Rajagiri High School", "Category": "School" },
  { "Name": "S.N.D.P.H.S.S Udayamperoor", "Category": "School" },
  { "Name": "SRV LP School", "Category": "School" },
  { "Name": "Sanskriti High School", "Category": "School" },
  { "Name": "Saraswathy Vidyaniketan Public School", "Category": "School" },
  { "Name": "Seamanship School", "Category": "School" },
  { "Name": "Signal School", "Category": "School" },
  { "Name": "Sndp LP School", "Category": "School" },
  { "Name": "SpV Lp", "Category": "School" },
  { "Name": "SreeNarayana Vidyapeedam Public School", "Category": "School" },
  { "Name": "Sri Cochin Bala Mandir", "Category": "School" },
  { "Name": "Sri Sri Ravishankar Vidya Mandir", "Category": "School" },
  { "Name": "St George Higher Secondary School", "Category": "School" },
  { "Name": "St Joseph High School", "Category": "School" },
  { "Name": "St Mary's LP School", "Category": "School" },
  { "Name": "St Thomas Girls High School", "Category": "School" },
  { "Name": "St.  George Schools", "Category": "School" },
  { "Name": "St. Albert's High School", "Category": "School" },
  { "Name": "St. Antony's School", "Category": "School" },
  { "Name": "St. Mary's Girls High School", "Category": "School" },
  { "Name": "St. Rita's High School, Ponnurunni", "Category": "School" },
  { "Name": "St. Teresa's Girls High Shool", "Category": "School" },
  { "Name": "St.Mary's HSS Thalacode", "Category": "School" },
  { "Name": "Teresa Spinelli Public School", "Category": "School" },
  { "Name": "Tom and Jerry Kinder Garden", "Category": "School" },
  { "Name": "Vidyadiraja School", "Category": "School" },
  { "Name": "Vidyaniketan College", "Category": "School" },
  { "Name": "Vocational Higher Secondary School", "Category": "School" },
  { "Name": "Vypin Convent", "Category": "School" },
  { "Name": "government gvhss .kadamakudi", "Category": "School" },
  { "Name": "DD Retreat", "Category": "Sports Centre" },
  { "Name": "International Gym", "Category": "Sports Centre" },
  { "Name": "Govt. Polytechnic College Stadium", "Category": "Stadium" },
  { "Name": "Ali's Supermarket", "Category": "Supermarket" },
  { "Name": "Ashis Super Mercato", "Category": "Supermarket" },
  { "Name": "BBS Supermarket", "Category": "Supermarket" },
  { "Name": "Big Bazaar", "Category": "Supermarket" },
  { "Name": "Bismi Hypermarket", "Category": "Supermarket" },
  { "Name": "Cochin Spices", "Category": "Supermarket" },
  { "Name": "Cooperative Departmental Store", "Category": "Supermarket" },
  { "Name": "Farm Gold", "Category": "Supermarket" },
  { "Name": "Fish for sale", "Category": "Supermarket" },
  { "Name": "Grand Fresh", "Category": "Supermarket" },
  {
    "Name": "Kerala State Beverages Corporation Shop",
    "Category": "Supermarket"
  },
  { "Name": "LuLu Hypermarket", "Category": "Supermarket" },
  { "Name": "MORE Supermarket", "Category": "Supermarket" },
  { "Name": "Maharashtra Super Market", "Category": "Supermarket" },
  { "Name": "Margin Free Market", "Category": "Supermarket" },
  { "Name": "Margin Free Super market", "Category": "Supermarket" },
  { "Name": "Margin Free Supermarket", "Category": "Supermarket" },
  { "Name": "Moolan's Mega Mart", "Category": "Supermarket" },
  { "Name": "More Supermarket", "Category": "Supermarket" },
  { "Name": "Priyom Super Market", "Category": "Supermarket" },
  { "Name": "Ration Shop", "Category": "Supermarket" },
  { "Name": "Reliance Fresh", "Category": "Supermarket" },
  { "Name": "Reliance Store, Kakkanad", "Category": "Supermarket" },
  { "Name": "Rich India Super Market", "Category": "Supermarket" },
  { "Name": "SUPPLYCO", "Category": "Supermarket" },
  { "Name": "Shipyard Supermarket", "Category": "Supermarket" },
  { "Name": "Shiva Organic Centre", "Category": "Supermarket" },
  { "Name": "Smart Shoppe Supe Market", "Category": "Supermarket" },
  { "Name": "Ultimate (Palapprassery)", "Category": "Supermarket" },
  { "Name": "Varkey's", "Category": "Supermarket" },
  { "Name": "Varkey's Supermarket, Kakkanad", "Category": "Supermarket" },
  { "Name": "Varkeys Super market", "Category": "Supermarket" },
  { "Name": "Vee Key Mart", "Category": "Supermarket" },
  { "Name": "Adampilly Kavu", "Category": "Temple" },
  { "Name": "Ambalathukavu Bhagavathi Temple", "Category": "Temple" },
  { "Name": "Amman Kovil", "Category": "Temple" },
  { "Name": "Ayyappa Temple", "Category": "Temple" },
  { "Name": "Balakrishna Swamy Temple", "Category": "Temple" },
  { "Name": "Bhadra Devi Temple", "Category": "Temple" },
  { "Name": "Bhattathiri Mana Sastha Temple", "Category": "Temple" },
  { "Name": "Capuchin Ashramam", "Category": "Temple" },
  { "Name": "Chakkulathukavu Temple", "Category": "Temple" },
  { "Name": "Chenankulangara Krishna Temple", "Category": "Temple" },
  { "Name": "Cherai Ambalam", "Category": "Temple" },
  { "Name": "Edappally Ganapathi Temple", "Category": "Temple" },
  { "Name": "Ettumanur Temples", "Category": "Temple" },
  { "Name": "Ganapathi Temple", "Category": "Temple" },
  { "Name": "Hanuman Temple", "Category": "Temple" },
  { "Name": "Hariharasutha Temple", "Category": "Temple" },
  { "Name": "Kalathil Temple", "Category": "Temple" },
  { "Name": "Krishna Temple", "Category": "Temple" },
  { "Name": "Maddathil Parambil Temple", "Category": "Temple" },
  { "Name": "Mahadeva Temple", "Category": "Temple" },
  { "Name": "Manamel Sree Kaleeswari Temple", "Category": "Temple" },
  { "Name": "Manja Bhagavathy Temple", "Category": "Temple" },
  { "Name": "Munikkal Guhalayam Temple", "Category": "Temple" },
  { "Name": "Murugan Temple", "Category": "Temple" },
  { "Name": "Paavakulam Mahadeva Temple", "Category": "Temple" },
  { "Name": "Pallithrikkovil Devi Temple", "Category": "Temple" },
  { "Name": "Pandit Temple", "Category": "Temple" },
  { "Name": "Perandoor Bhagvathi Temple", "Category": "Temple" },
  { "Name": "Perunninakulam Shiva Temple", "Category": "Temple" },
  { "Name": "Ponneth Bhagavathy Temple", "Category": "Temple" },
  { "Name": "Poornathrayeesan Temple", "Category": "Temple" },
  { "Name": "Pulickal Bhagavathi Temple", "Category": "Temple" },
  { "Name": "Puthukalavattam temple", "Category": "Temple" },
  { "Name": "Shastha Temple", "Category": "Temple" },
  { "Name": "Shiva Temple", "Category": "Temple" },
  { "Name": "Sree Durga Devi Temple , Edanad , Chowara", "Category": "Temple" },
  { "Name": "Sree Krishna Swami Temple", "Category": "Temple" },
  { "Name": "Sree Krishna Temple", "Category": "Temple" },
  { "Name": "Sree Mahalasi Narayanee Temple", "Category": "Temple" },
  { "Name": "Sree Mylath Mahadeva Temple", "Category": "Temple" },
  { "Name": "Sree Sastha temple", "Category": "Temple" },
  { "Name": "Sree Venkatachapathi Temple", "Category": "Temple" },
  { "Name": "Sree Vitobha Temple", "Category": "Temple" },
  { "Name": "Sree seva samithi", "Category": "Temple" },
  { "Name": "SreeDurga Devi temple", "Category": "Temple" },
  { "Name": "SreeNaratyaneswaram Kshethram", "Category": "Temple" },
  { "Name": "Sri KhandaKarnan Temple", "Category": "Temple" },
  { "Name": "Sri Khandarjuna Temple", "Category": "Temple" },
  { "Name": "Sridi Sai Temple", "Category": "Temple" },
  { "Name": "Subrahmanian Temple", "Category": "Temple" },
  { "Name": "Subramanya Temple", "Category": "Temple" },
  { "Name": "Thandasseril Bhagavathi Temple", "Category": "Temple" },
  { "Name": "Tharayil Bhagavathy Temple", "Category": "Temple" },
  { "Name": "Thekkemadom Dharma Sastha Temple", "Category": "Temple" },
  { "Name": "Thirunettoor Mahadeva Temple", "Category": "Temple" },
  { "Name": "Thrikkannapuram Parthasathi Temple", "Category": "Temple" },
  { "Name": "Vadakke Pattupurakkal Temple", "Category": "Temple" },
  { "Name": "Vytilla Shiva Temple", "Category": "Temple" },
  { "Name": "Ajantha Theaters", "Category": "Theater" },
  { "Name": "Amala Theater", "Category": "Theater" },
  { "Name": "CARNIVAL CINEMAS", "Category": "Theater" },
  { "Name": "CINEPLUS CINEMAS", "Category": "Theater" },
  { "Name": "EVM", "Category": "Theater" },
  { "Name": "EVM Cinema", "Category": "Theater" },
  { "Name": "Folklore Cultural Theatre ", "Category": "Theater" },
  { "Name": "Kathakali Centre", "Category": "Theater" },
  { "Name": "Kavitha Cinemas", "Category": "Theater" },
  { "Name": "Kokers Theatre", "Category": "Theater" },
  { "Name": "Little Shenoy's", "Category": "Theater" },
  { "Name": "M Cinemas", "Category": "Theater" },
  { "Name": "Mahima", "Category": "Theater" },
  { "Name": "Matha Madhurya Theatre", "Category": "Theater" },
  { "Name": "Neelima", "Category": "Theater" },
  { "Name": "PVR Cinemas", "Category": "Theater" },
  { "Name": "Padma Movie House", "Category": "Theater" },
  { "Name": "Q-Cinemas", "Category": "Theater" },
  { "Name": "Saritha Savitha Sangeetha", "Category": "Theater" },
  { "Name": "Shenoys", "Category": "Theater" },
  { "Name": "Sridhar Cinemas", "Category": "Theater" },
  { "Name": "Zeenath Theater", "Category": "Theater" },
  { "Name": "C I S F", "Category": "Town Hall" },
  { "Name": "Carmel Hall", "Category": "Town Hall" },
  { "Name": "Container Corporation Of India", "Category": "Town Hall" },
  { "Name": "Customs House-Kochi", "Category": "Town Hall" },
  { "Name": "INS Venduruthy", "Category": "Town Hall" },
  { "Name": "Kochi Air Cargo Clearing House", "Category": "Town Hall" },
  { "Name": "Lakshadeep Passengers Reporting Centre", "Category": "Town Hall" },
  { "Name": "MT Pool", "Category": "Town Hall" },
  { "Name": "Municipal Town Hall Kalamassery", "Category": "Town Hall" },
  { "Name": "Priyadarshini Hall", "Category": "Town Hall" },
  { "Name": "Rena Event Hub", "Category": "Town Hall" },
  { "Name": "St. George Church Parish Hall", "Category": "Town Hall" }
]
