Name,Category,Latitude ,Longitude
Abrahams Villa,hostel,9.982084,76.2964077
Alakananda,hostel,10.0462645,76.3251322
Aroma Home Stay,hostel,9.9600611,76.2407451
Dream Paradise Hostel,hostel,9.9640008,76.2447773
El casa,hostel,9.9558291,76.2414502
Grand Hostel,hostel,9.9985941,76.2929735
Hostel Flutterby,hostel,9.9591265,76.2399036
Kevin's Placid Homestay,hostel,9.9627301,76.2433758
Panikanthara apartments,hostel,10.047101,76.3352832
Rampart Home Stay,hostel,9.9602682,76.2427019
Tantraa homestay,hostel,9.9603762,76.2400869
The Sand Castle,hostel,10.10129,76.189652
Tree loft,hostel,9.9603577,76.2403197
Vimalalayam,hostel,9.9871059,76.2834392
YMCA,hostel,9.9769727,76.2853891
Yoga Inn Art Hostel,hostel,9.9621478,76.2428646
YWCA,hostel,9.9779818,76.2856493
Abad Airport Hotel,hotel,10.160051,76.3852175
Abad Pepper Route,hotel,9.9671917,76.2452431
Accardia Residency,hotel,9.9919265,76.2874817
Adam's Old Inn,hotel,9.9662088,76.2427734
al maray,hotel,10.0009683,76.2942938
Alankar Elite Inns and Hotels,hotel,10.1081313,76.3569927
Alappat Regency,hotel,10.0018035,76.3054396
ALDOS ARK HOME STAY,hotel,9.9621929,76.2422395
Aura One Hotel Kochi,hotel,10.028121,76.3097847
Backpackers Inn,hotel,9.9661892,76.2442767
Ballard Bungalow Heritage Hotel,hotel,9.9679439,76.2462368
Beach Valley,hotel,10.1378878,76.1799079
Beaumonde The Fern,hotel,9.9698377,76.289952
Beena Homestay,hotel,9.9545254,76.2415767
Bernard Bungalow,hotel,9.9644474,76.2398189
Bharat Hotel,hotel,9.9673666,76.2816219
Bjiu Tourist Home,hotel,9.9740077,76.2807616
Bright Heritage,hotel,9.9668303,76.2449462
BTH SAROVARAM,hotel,9.9491892,76.3182075
Caza Maria,hotel,9.9586771,76.2595398
Chack Inn Home Stay,hotel,9.963152,76.2452975
Cherai Beach Resorts,hotel,10.136164,76.1804475
Cherai Tourist Home,hotel,10.1392559,76.1950703
Chiramel Residency,hotel,9.96426,76.23988
ChristVille Home Stay,hotel,9.9628995,76.2421207
Costa Gama Homestay,hotel,9.9591478,76.2440784
Crowne Plaza,hotel,9.933915,76.3189891
Diana Heights,hotel,10.1556016,76.3541802
Dwaraka Hotel,hotel,9.9650264,76.2866066
Edassery Group Resorts,hotel,10.0719371,76.2834244
Edassery village,hotel,10.1498675,76.4258076
Eighth Bastion,hotel,9.9648425,76.2388779
Elite Hotel,hotel,9.966066,76.242348
Everest Tourist Home,hotel,10.1076586,76.3567816
Excellency,hotel,9.9669628,76.2872569
Flora Airport Hotel,hotel,10.1607987,76.390929
Fort Castle Hotel,hotel,9.9670025,76.2421726
Fort House Hotel,hotel,9.9686641,76.2496352
Fort Inn,hotel,9.9684149,76.2483259
Fort Kitchen,hotel,10.0359381,76.3377906
Fort Muziris,hotel,9.9658136,76.2425463
Gama Heritage Residency,hotel,9.9618099,76.2403852
Gokulam Park Inn,hotel,9.9935551,76.2905144
Gopika Residency,hotel,10.0875327,76.2678122
Grand Hotel,hotel,9.9707576,76.2853374
Hotel Abhirami,hotel,9.9948286,76.2914451
Hotel Airlink Castle,hotel,10.155058,76.3545995
Hotel Arches,hotel,9.96617,76.24155
Hotel Broad Bean,hotel,9.962727,76.3181721
Hotel Fort Manor,hotel,9.967404,76.2449612
Hotel Luciya,hotel,9.9779947,76.2881771
hotel Mezban,hotel,10.0567156,76.3229792
Hotel Park Residency,hotel,10.0146216,76.3421598
Hotel Periyar,hotel,10.1112634,76.3480667
Hotel Presidency,hotel,9.9904332,76.2852982
Hotel Taj Residency,hotel,9.9763609,76.2772527
Ideal Residency,hotel,9.9705452,76.2840176
IMA House,hotel,9.9883589,76.3011182
Johns Recidency,hotel,9.9746123,76.2823241
Koder House,hotel,9.9673038,76.2426018
Le Meridien,hotel,9.9344709,76.3167361
Les 3 phants,hotel,10.158036,76.1741439
Lotus8,hotel,10.1610521,76.3889722
Madaparambil,hotel,9.9713472,76.286802
Malabar House,hotel,9.9645576,76.239566
Manjooran,hotel,10.1078583,76.3570147
mariya,hotel,9.9678211,76.3036914
Michaela Homestay,hotel,9.962116,76.242435
Old Lighthouse Bristow's Hotel,hotel,9.9630029,76.2374948
Palaaram (Kakkanad),hotel,10.0355892,76.3370081
Paravur Tourist Home(PTH),hotel,10.1483787,76.2291965
Peirce Leslie Bunglow / Tower House,hotel,9.9675369,76.241969
periyar restorent,hotel,10.0692511,76.2855622
Princess Inn,hotel,9.9670562,76.2429463
pulikkalbay,hotel,9.9520615,76.3011014
Puthumana,hotel,9.962803,76.2432739
Radisson Blu,hotel,9.9672571,76.3072139
Raintree Lodge,hotel,9.9644,76.2416
Rajnagari,hotel,10.0269923,76.306131
Royal Lakshadweep,hotel,9.9727975,76.2813935
Saas Tower,hotel,9.9738827,76.2808458
Saj Home Stay,hotel,9.9632221,76.2454565
Santa Cruz,hotel,9.9655546,76.2420529
Sapphir Tourist Home,hotel,9.9736045,76.2804291
Sea Hut Homestay,hotel,9.9395786,76.2447311
Seagull,hotel,9.968794,76.2499495
Sealord,hotel,9.9788517,76.2767555
Shaziya,hotel,9.9684875,76.2892018
slice of spice,hotel,9.9856765,76.2772272
SM Regency,hotel,9.9670689,76.2870528
Sooraj,hotel,10.1197593,76.3422943
Spice Fort,hotel,9.9668273,76.2426211
SPICEHOLIDAYS (Homestay),hotel,9.9659183,76.2427145
Sreelakam Residency,hotel,10.0137522,76.2922636
Taj Malabar Hotel,hotel,9.9691815,76.2583732
Tea Bungalow,hotel,9.9629535,76.245648
The Bungalow Heritage Homestay,hotel,9.9751576,76.2424341
the center hotel,hotel,9.9570139,76.296579
The International,hotel,9.9838644,76.2828934
The Old Courtyard Hotel,hotel,9.966651,76.2425038
The Poovath Heritage,hotel,9.9644269,76.238549
The Taste of India,hotel,9.9644672,76.2383865
Tibet Homestay,hotel,9.9658186,76.244153
Toms Old Mansion,hotel,9.9664,76.24235
Villa Grace,hotel,9.9506914,76.2506634
Villa Vista,hotel,10.1698586,76.3738549
Vintage Inn,hotel,9.9628773,76.2437851
White Rose,hotel,9.9663802,76.2445813
XL Homestay,hotel,9.9670234,76.2418518
Hotel malabar inn,motel,9.9952042,76.2870101
J. J. Inn,motel,9.9746352,76.3152404
Muthoot Hotel,motel,10.01505,76.36296
Royal Residency,motel,10.01891,76.35018
